,Actual,Predicted
0,18,7.306127526496279
1,30,18.992448427142378
2,36,41.6667675790119
3,3,7.306127526496279
4,6,7.306127526496279
5,1,10.463780909011486
6,34,21.781975705273474
7,10,18.72864152069864
8,11,24.896823733892266
9,18,28.988175744317527
10,9,11.713471052249329
11,70,36.29180067874206
12,41,29.995186227905315
13,21,7.306127526496279
14,9,10.681605474484037
15,0,7.306127526496279
16,0,10.817160142835139
17,7,17.12624974214468
18,36,24.99441783740466
19,8,19.498973624871645
20,0,7.306127526496279
21,2,19.575242454123984
22,0,13.48606678462176
23,46,46.46111829113221
24,11,23.01450248506737
25,21,25.439819222126705
26,10,19.82208850153058
27,4,7.306127526496279
28,35,41.94830075508938
29,2,12.120203372095812
30,0,9.63080351554033
31,22,18.058026564594034
32,2,7.306127526496279
33,18,36.93809951501083
34,12,21.619449563847414
35,25,20.29993638868922
36,66,33.768352430126455
37,74,56.90047416155635
38,1,11.781516937787279
39,5,7.306127526496279
40,3,15.835391403691368
41,36,21.835395273584965
42,13,7.306127526496279
43,6,7.306127526496279
44,21,21.552352177009404
45,11,21.347271994124117
46,4,15.133583640471109
47,50,69.97871567504609
48,40,30.40894334422147
49,0,7.306127526496279
50,43,14.897874079182984
51,26,42.62847313873548
52,79,52.131258320057704
53,38,34.37655265307273
54,6,14.363327216762414
55,43,18.419705967964838
56,0,14.100972942914137
57,58,33.60639313497139
58,13,17.199449185825653
59,4,7.306127526496279
60,29,7.306127526496279
61,50,39.46434396027136
62,10,15.466818045335987
63,1,7.306127526496279
64,7,17.399666308329643
65,19,26.33373719508894
66,2,7.306127526496279
67,9,14.454044210743909
68,60,44.31927362332095
69,47,34.63433054587868
70,5,7.306127526496279
71,4,22.247812784212595
72,22,30.4352722661355
73,0,8.958402292968197
74,88,31.9181786031479
75,4,12.36133577539612
76,27,45.62416835839563
77,7,18.1056765283093
78,3,12.84848445847086
79,60,32.73133110652422
80,3,20.528523964436047
81,0,7.306127526496279
82,44,13.027331778461429
83,59,24.857626702642552
84,22,35.95758649554881
85,25,28.760075419129507
86,11,21.18506685948612
87,35,31.751235182759977
88,28,40.7270016916671
89,60,37.99923552231925
90,27,56.75161009673734
91,12,21.507736831680027
92,6,7.306127526496279
93,2,7.306127526496279
94,7,7.306127526496279
95,1,7.306127526496279
96,1,9.10608251030165
97,22,31.07840689093698
98,2,14.811767489752892
99,8,7.8856150711377655
100,0,7.306127526496279
101,69,32.54784443451589
102,26,39.26146535478182
103,74,41.54648712493561
104,77,94.7154612789711
105,11,17.09578848350258
106,26,57.803078338347426
107,83,37.428900991794585
108,44,34.242739743070366
109,13,19.4092139145569
110,43,55.53715028182217
111,46,7.306127526496279
112,29,35.30415854675037
113,60,29.720501648855063
114,53,32.681868658726096
115,10,7.306127526496279
116,1,15.523684877204563
117,39,19.512835786824283
118,43,66.86359668260542
119,16,18.354178767114618
120,11,18.957988107695652
121,1,14.602395671202556
122,9,16.50144387690528
123,14,17.45642272307136
124,1,7.306127526496279
125,4,8.534616358186579
126,1,7.306127526496279
127,9,18.878478889104827
128,3,7.306127526496279
129,0,7.475169240145374
130,13,11.55525994658316
131,5,13.832713456472291
132,1,13.41034080395627
133,6,22.98969700997295
134,7,20.982413557975505
135,3,17.692821789659916
136,4,13.191973705075988
137,68,39.01273222169694
138,31,24.81106304614564
139,23,26.486877238347684
140,35,48.92903052877876
141,39,47.960693195881205
142,13,22.794372934236712
143,2,13.473933079889289
144,3,13.57676496711662
145,57,38.481942496831394
146,3,10.991273701358988
147,34,28.46816725127697
148,9,15.22406102490635
149,24,22.695695587776036
150,2,17.1266501966864
151,0,7.306127526496279
152,2,16.05121145842107
153,5,14.513399804197697
154,11,7.306127526496279
155,7,11.880116343120381
156,51,34.48940950207274
157,60,28.808603424425602
158,3,15.566174342223146
159,9,7.306127526496279
160,32,69.45035168403862
161,6,10.968494571948607
162,17,40.611762124696575
163,67,34.33278923507585
164,24,24.30472673024155
165,6,8.402897467470847
166,19,30.51434835565256
167,0,12.759601350307678
168,1,11.490523844486233
169,22,11.43917934975155
170,2,15.615127022552063
171,1,12.346854968089353
172,48,25.97818630492644
173,25,7.306127526496279
174,22,23.41582810520252
175,12,7.830932436647012
176,48,46.254181957339036
177,8,19.781127088863254
178,0,12.452014591522762
179,30,36.22305864683643
180,28,24.311577604356508
181,12,13.987265843509771
182,27,24.565207432360697
183,10,19.80841154755704
184,62,33.453883181195216
185,10,20.457318332226407
186,24,20.257339883338854
187,29,29.506058276907524
188,43,62.467426372035774
189,14,23.384910228466737
190,16,8.326117198261072
191,19,29.450876074254797
192,26,18.433279308376477
193,14,17.035105933238228
194,18,27.05449300762822
195,23,23.99871696048603
196,4,15.067162166750439
197,11,13.215148459133946
198,16,19.801486105476624
199,16,17.804647939948122
200,18,8.597141645628032
201,13,7.306127526496279
202,20,18.622154288716885
203,72,43.709321857090764
204,2,7.306127526496279
205,2,15.552669006925996
206,32,30.520238835289454
207,14,21.341017677833694
208,20,25.1312877029844
209,1,11.629457906775457
210,8,12.527191898789908
211,11,12.260174723805331
212,21,7.306127526496279
213,17,15.144338899546291
214,38,28.71432667237718
215,1,8.263681689007946
216,1,7.306127526496279
217,100,50.87452369991826
218,26,7.306127526496279
219,50,28.505646913706943
220,11,19.09742828466054
221,0,7.306127526496279
222,66,28.67775042707386
223,4,15.631670012774354
224,18,29.55355396039181
225,60,80.84249835346294
226,20,25.462824267595437
227,0,7.306127526496279
228,9,24.82760394117697
229,4,14.149410187047433
230,55,43.736443307246816
231,2,16.9144066381184
232,59,34.391074664964066
233,5,23.11468374635188
234,4,13.660857409989042
235,3,16.579896057452626
236,16,18.773523502924252
237,3,16.994925005272
238,12,14.385649745230813
239,12,9.510361261806729
240,6,14.916866669812627
241,96,38.765001957478766
242,1,16.359914096394146
243,1,11.606359168911638
244,52,36.08359594266204
245,87,38.66374078279613
246,11,16.74411232862943
247,10,7.306127526496279
248,45,37.64240658813186
249,0,7.306127526496279
250,3,10.348594846288012
251,11,7.306127526496279
252,0,7.306127526496279
253,5,7.306127526496279
254,79,60.47417973129063
255,3,18.565882708138712
256,66,51.308351827342776
257,22,7.306127526496279
258,32,36.33406979052858
259,25,53.18888412009028
260,28,27.82270446577183
261,14,19.73376255459491
262,5,28.96911968687906
263,5,7.967755426595979
264,73,50.703198957787286
265,3,13.759995837357497
266,5,14.620207967233306
267,12,12.803677702029853
268,90,46.42769923031128
269,20,17.96227102074261
270,24,24.80192753154997
271,0,7.306127526496279
272,0,7.306127526496279
273,8,7.306127526496279
274,2,7.306127526496279
275,0,12.112698957102438
276,17,8.040574360211945
277,11,16.600833287583253
278,7,15.215018264370892
279,48,33.168488654332336
280,48,37.42291279310228
281,13,23.411944626967493
282,9,16.35671810936142
283,1,11.829325663670074
284,0,7.306127526496279
285,52,39.006995537313
286,7,7.306127526496279
287,5,14.220483292680782
288,77,54.78265697180308
289,5,20.946632071700492
290,6,45.043515884128574
291,22,20.283597513899444
292,14,10.720353287427892
293,19,9.133826137909177
294,26,29.50351499043538
295,10,35.08115855001393
296,79,45.37155155898292
297,0,12.113360281799807
298,3,13.84075949339806
299,12,15.287622761126702
300,5,7.306127526496279
301,31,24.576942995838348
302,49,31.138496075515718
303,58,37.83239628574958
304,13,33.82020006929189
305,2,15.173762392838857
306,18,24.101821088464067
307,54,44.926007886379345
308,48,22.76371088770786
309,6,14.882595013115905
310,41,66.91049778010205
311,61,31.646582164620106
312,1,7.306127526496279
313,19,17.845100284469435
314,26,25.231442368931315
315,41,94.37403201023804
316,60,30.332637640825123
317,4,7.306127526496279
318,11,7.306127526496279
319,3,7.306127526496279
320,40,37.3775511642975
321,14,31.808970605966095
322,33,30.047458211024335
323,14,18.130317074957524
324,67,32.27259405313524
325,26,12.108348487858889
326,46,28.92572087315352
327,4,20.41209974737784
328,27,26.80157655460414
329,8,21.179652124733007
330,1,11.57222281437985
331,26,30.895064018233636
332,17,29.35655853804927
333,0,7.306127526496279
334,60,46.89537807916105
335,13,15.24357320733121
336,10,19.245029701033307
337,1,10.880999054340409
338,16,15.870980380553409
339,10,15.352706874832652
340,3,18.962286936770173
341,10,21.587074850421345
342,42,34.41565033494734
343,10,15.674439106532994
344,36,33.68387624773312
345,8,7.306127526496279
346,56,38.31500473898219
347,1,7.306127526496279
348,0,7.306127526496279
349,3,7.306127526496279
350,0,12.30130343233056
351,29,16.983715389768626
352,18,62.211373382851974
353,18,20.12135734050457
354,5,12.268267654724179
355,6,15.287656198045058
356,96,48.452573012912644
357,10,10.941574135236792
358,8,13.546882971541592
359,25,27.3149979114731
360,59,33.63126846112478
361,61,42.07813585942782
362,10,14.458862745406169
363,10,7.306127526496279
364,13,7.306127526496279
365,1,7.306127526496279
366,11,14.715608437721864
367,16,15.306384467871517
368,15,18.480396605808572
369,21,9.958532245894586
370,0,7.306127526496279
371,80,34.21104704337325
372,31,26.488525979123786
373,23,33.27774748931152
374,2,10.579848904698801
375,28,40.16041937063761
376,54,32.00442577710103
377,11,22.796881073095665
378,1,15.265810188955061
379,14,14.603655986212466
380,25,22.550181224000557
381,2,16.21058047977325
382,1,10.129312513258593
383,12,21.829436232538992
384,4,11.58679202101466
385,41,19.462913411960177
386,5,20.79466408605196
387,12,19.639062796706764
388,32,22.294657332674344
389,1,14.38615693305674
390,50,26.88297244342911
391,12,18.9563690623559
392,52,66.97214619467336
393,4,17.400396270915156
394,5,7.306127526496279
395,28,25.19132677272859
396,28,16.314009912531034
397,3,7.306127526496279
398,12,21.761965816753133
399,20,36.60991364887036
400,16,24.48693566744109
401,13,7.306127526496279
402,2,14.046523947631044
403,14,7.306127526496279
404,64,63.24321327762876
405,0,9.102265353149466
406,1,10.630772552725965
407,32,39.18108747145015
408,7,17.212247237743206
409,13,23.82315826781713
410,13,13.242506212100139
411,27,19.050602329135522
412,27,33.05123707346227
413,21,25.341578572266084
414,30,44.42869157541804
415,4,11.871628413424204
416,8,17.399035377474625
417,8,7.306127526496279
418,22,27.927142210668915
419,1,11.053708742941492
420,74,63.74476331865649
421,41,46.48180253252017
422,0,7.306127526496279
423,8,17.174199933007397
424,1,7.306127526496279
425,14,22.024099242409573
426,1,11.523896376981927
427,18,25.80169552074938
428,1,7.306127526496279
429,27,32.899432593543686
430,19,28.5322740225379
431,19,23.412500443594375
432,19,16.00090771126133
433,32,57.638867879037946
434,1,13.901956612084321
435,1,11.904229417294264
436,0,7.306127526496279
437,7,8.796752055263148
438,0,10.99894359661536
439,0,7.306127526496279
440,0,7.306127526496279
441,14,18.68183881347999
442,0,7.306127526496279
443,41,20.626711455318663
444,9,7.306127526496279
445,10,18.442157040030068
446,41,33.72555357147108
447,9,7.306127526496279
448,21,20.832521462571048
449,55,29.37506223665106
450,20,19.29859806362537
451,33,25.875367198091368
452,2,7.306127526496279
453,27,25.851078941053785
454,8,17.0734251570686
455,14,28.994655575567943
456,39,37.913281432512164
457,7,14.943775198284726
458,68,29.377700517873425
459,34,23.415389911338885
460,33,26.96368012187797
461,13,17.28348607905222
462,14,17.489849719551266
463,2,7.306127526496279
464,2,7.306127526496279
465,43,66.3507671659484
466,11,7.306127526496279
467,17,50.04498552677547
468,0,7.306127526496279
469,34,16.31080190380491
470,16,13.231961601907805
471,13,22.36625341098485
472,2,21.20657982314343
473,1,12.18641904447576
474,8,15.113193958205201
475,27,28.072990204089756
476,62,35.35933651250272
477,12,17.849113518273846
478,63,54.0347978537931
479,3,11.620361913810362
480,0,11.520982725043789
481,6,7.626866961110761
482,17,16.71431142789726
483,7,17.822289653203555
484,0,7.306127526496279
485,0,7.306127526496279
486,2,13.658973965837305
487,34,24.322387275572474
488,35,19.16787339412413
489,19,30.687724813138512
490,12,25.099446918511887
491,6,13.739468098897861
492,51,33.845248424575864
493,9,19.03438187157168
494,1,13.15074702835758
495,40,29.80129176082134
496,17,9.743986496517522
497,0,13.13220713976343
498,24,26.865047522287316
499,75,87.55575034703872
500,4,22.17152775058097
501,9,17.200340372799772
502,28,7.802485693452294
503,46,32.11366116980712
504,6,15.79473467000037
505,24,27.919703301909177
506,54,29.110990626738037
507,52,36.41691699974501
508,36,31.284235137083883
509,2,18.737087603039996
510,16,7.306127526496279
511,2,13.348860754243379
512,32,38.81438120465375
513,3,12.491732114996868
514,8,12.889188514606287
515,4,13.992501820480669
516,9,13.525895204873475
517,39,44.256747934435694
518,34,30.68681745526648
519,47,31.048811444386097
520,21,23.600587635660215
521,1,7.306127526496279
522,2,12.840994638719067
523,9,10.775346501333914
524,36,22.546144930524495
525,6,15.189101374572346
526,0,12.320488307522286
527,10,14.034080443939175
528,65,29.712575225711714
529,24,35.59122507138954
530,15,18.476038721662356
531,26,19.326893058557154
532,24,24.26541446584262
533,70,41.98302876792579
534,26,26.456041904764895
535,16,13.915706773572511
536,2,12.61305324916209
537,5,7.306127526496279
538,36,26.36394908893246
539,31,27.49486051339883
540,5,12.8371690727109
541,9,18.292366403429156
542,6,8.583149128668868
543,36,29.229278889431882
544,2,7.306127526496279
545,72,61.26371868829678
546,10,17.37165169260605
547,8,17.60551642264959
548,7,19.545988054683885
549,19,17.03620013127385
550,0,7.306127526496279
551,46,27.290627315562016
552,2,13.134815440102706
553,41,23.89315607097565
554,57,35.65466889910862
555,38,25.16096186871572
556,0,9.873095276735
557,2,16.27427229220565
558,36,26.21872522079607
559,19,35.0101042188827
560,52,30.405194153503402
561,17,21.520267451437185
562,5,17.425114007659275
563,14,18.394851274617032
564,0,7.306127526496279
565,13,7.306127526496279
566,3,15.543821017737908
567,7,14.085681658956837
568,7,16.518396688123218
569,11,22.064445469000667
570,26,25.508817367391895
571,51,37.10753523257496
572,0,12.301917034900105
573,16,19.589780129836225
574,0,12.571758876689927
575,8,7.306127526496279
576,7,7.306127526496279
577,12,7.306127526496279
578,27,28.43490166294619
579,44,31.260363534962522
580,51,39.273705419534934
581,12,13.110310211454033
582,66,53.65873201839604
583,48,27.137271913488345
584,0,12.106891399321842
585,24,32.50811664604108
586,13,18.853069001126258
587,6,13.392233723246942
588,67,32.301224690688606
589,22,30.963356348174802
590,22,23.30698857019139
591,8,13.535356404031024
592,10,7.306127526496279
593,2,11.396302699093368
594,7,12.235093759445729
595,25,20.383156091207944
596,39,35.68807935061279
597,53,54.78164773481361
598,15,19.201496608509917
599,0,12.99299208680794
600,3,14.581258721316768
601,23,8.378992388060023
602,16,15.520045268449703
603,0,7.306127526496279
604,3,18.12359389923775
605,1,7.306127526496279
606,1,7.306127526496279
607,56,32.83722027298796
608,40,33.467211730755125
609,8,14.056646151260733
610,50,64.61869339063026
611,2,7.306127526496279
612,1,14.603408315905904
613,11,21.819908520901087
614,0,8.154486692703083
615,4,8.423320261238482
616,44,42.00627863530683
617,87,35.87881831244003
618,7,7.306127526496279
619,25,20.88639286619245
620,5,16.88535526055988
621,6,14.026833115024143
622,2,18.004978895276906
623,16,7.306127526496279
624,5,20.71773976240087
625,40,26.79626849149988
626,26,16.07744635532293
627,7,17.380423580402958
628,7,7.306127526496279
629,87,45.16739557123414
630,8,11.455806418104817
631,19,8.046212960761316
632,11,7.306127526496279
633,21,14.373127689890259
634,62,46.25343964062243
635,9,7.306127526496279
636,11,14.632905794786858
637,12,16.13633493693572
638,43,26.32424321086977
639,6,16.885170966262592
640,24,16.948852158849675
641,4,10.606740749044675
642,1,13.358394852035348
643,10,16.617265712939865
644,23,24.854763460615015
645,6,7.306127526496279
646,11,7.465378176400179
647,8,14.400410649188613
648,9,21.159155663054797
649,45,53.20883754974323
650,0,9.555400842588224
651,6,7.306127526496279
652,22,25.932203434884933
653,1,7.306127526496279
654,6,15.156871016377911
655,69,56.974466115101336
656,19,7.306127526496279
657,34,37.12312186760261
658,12,16.90195785703166
659,20,7.306127526496279
660,37,39.1156143021301
661,17,7.306127526496279
662,2,15.756657321801608
663,2,12.750748376978063
664,1,7.306127526496279
665,14,10.231954720693325
666,3,15.75893401018578
667,0,13.436819362227428
668,5,23.35712411352901
669,47,31.385272878466072
670,5,7.306127526496279
671,4,12.2647061780834
672,4,12.078815423453293
673,19,20.530224158641403
674,67,37.86409651842887
675,2,9.95170571449316
676,1,10.950274519162257
677,0,7.306127526496279
678,13,16.950736822097486
679,3,12.13658297922714
680,4,17.29580241535401
681,7,12.026414589190264
682,5,12.92184789191538
683,2,7.306127526496279
684,29,21.408249692480144
685,6,18.362407873233135
686,72,74.63745114818857
687,2,9.963270086003309
688,0,7.306127526496279
689,10,15.896304371681037
690,25,7.306127526496279
691,22,27.422102454639152
692,25,100.44803684692587
693,32,7.306127526496279
694,3,28.77822883661923
695,32,25.447286218471927
696,0,7.306127526496279
697,24,22.797758641038612
698,1,16.25299311131153
699,18,30.111900723361735
700,25,12.756465263788488
701,11,18.73093967635738
702,15,18.129180716699445
703,29,10.106506763127113
704,7,13.97063576414132
705,13,17.397598744250608
706,101,34.30946015346972
707,15,23.06620218751216
708,4,18.13646855672967
709,13,7.306127526496279
710,38,56.057618110843734
711,0,16.709201143450485
712,6,10.621011122924338
713,37,31.077887254084665
714,9,9.512596167342002
715,38,65.87781823753616
716,0,13.174954940494375
717,57,33.110921870843555
718,67,28.752915041065503
719,45,62.541716862087156
720,81,38.23165560049397
721,53,33.73215692774025
722,14,19.48831865052192
723,8,20.73143421242159
724,1,7.306127526496279
725,0,8.49021410337338
726,4,19.170285855632216
727,14,36.778851622266316
728,0,12.484916116889789
729,25,18.251858120073162
730,11,19.24604766111421
731,24,20.120787876101616
732,59,32.6582364950638
733,30,22.34199474293098
734,31,18.579157138681754
735,6,14.08488572725268
736,70,42.33519004500813
737,2,7.306127526496279
738,11,16.761613993526847
739,14,13.001076411635012
740,19,34.48728282397094
741,86,36.37071119202399
742,4,23.125688804768135
743,49,48.35052808349064
744,1,12.390826208528221
745,11,13.891159019737128
746,0,11.755545174091552
747,14,24.063604960255393
748,0,10.716073944280923
749,18,21.33232393964892
750,40,29.230138834989816
751,34,43.83069459269927
752,25,7.306127526496279
753,4,31.981331450391295
754,53,24.355918000128554
755,4,15.833642825004485
756,7,7.306127526496279
757,2,7.306127526496279
758,1,11.238054100064302
759,40,26.482461022863642
760,36,29.68725327737376
761,4,15.001964638223864
762,6,7.306127526496279
763,13,24.79297078510899
764,31,21.300897696378083
765,30,48.33583203782491
766,17,23.793830234094642
767,47,36.6528802381251
768,40,53.48363029917828
769,3,18.312598367468706
770,12,14.25577276202497
771,3,13.693374979188246
772,0,7.306127526496279
773,40,23.89789281793964
774,37,21.212477444258692
775,12,14.174566724432808
776,35,32.29083630697066
777,0,7.440061516035183
778,20,14.064198847687116
779,104,95.13544375113673
780,5,7.306127526496279
781,50,59.577136487670735
782,20,10.229380221952939
783,59,44.45374258958691
784,31,33.753302340153745
785,13,49.87237635576057
786,68,50.2929717841398
787,62,20.49904732695226
788,30,28.15322924592488
789,10,19.138845174436337
790,0,7.306127526496279
791,0,9.092341197871082
792,55,28.258350678603474
793,8,11.429270510888912
794,11,11.935322494017328
795,9,21.845987684717965
796,38,23.33613301085589
797,4,9.94273610174661
798,17,11.026478751894368
799,0,7.306127526496279
800,6,26.315534998172136
801,13,7.306127526496279
802,7,16.871011904105618
803,21,22.74106945614157
804,13,17.592342988950758
805,14,36.26374116625286
806,0,11.30899384388539
807,5,19.636039330283886
808,59,29.76034339676501
809,9,19.263136081292373
810,3,21.520858636279247
811,6,23.40491693309748
812,3,8.690708726607294
813,10,18.744398703238613
814,5,12.745260575229553
815,93,53.533794478140585
816,41,28.190753251377263
817,46,43.924647405531836
818,26,7.306127526496279
819,1,7.306127526496279
820,29,20.87261269247264
821,0,7.306127526496279
822,12,25.388214286873808
823,50,38.442002128993046
824,25,32.46360389194332
825,17,10.873938445468234
826,2,15.907472524352787
827,3,15.378960644438674
828,18,49.24860704843788
829,1,14.862025329975163
830,31,29.75896183106573
831,4,10.37223516994932
832,2,7.306127526496279
833,13,21.359287085491758
834,1,13.020574636490313
835,26,49.639928696261
836,20,7.306127526496279
837,1,13.393897905919594
838,16,22.695709634529916
839,37,29.820610066621544
840,19,18.363590289259164
841,10,16.469561945360663
842,6,18.1235849191808
843,10,20.376120217790074
844,14,51.94210321097373
845,22,23.76142720166569
846,3,9.286334666317888
847,0,14.500206797114945
848,18,36.03337516106265
849,37,34.39340417224742
850,6,7.306127526496279
851,4,13.841844679893809
852,13,17.05794146625369
853,26,30.344758814633142
854,16,17.078503245734787
855,5,11.35862915080654
856,9,7.479473134757884
857,36,28.663065253283243
858,35,45.0695058329526
859,18,28.047297091171707
860,14,27.738087611969792
861,5,11.989118559287583
862,65,66.52544412250988
863,25,12.399207977248057
864,8,19.572099980694084
865,15,23.94097220556756
866,2,13.648214295054153
867,60,38.84170938986407
868,28,21.51792489122159
869,12,16.28988655531943
870,46,16.959673232086757
871,15,21.66759782940467
872,0,7.306127526496279
873,32,46.58819496421801
874,22,28.071856698762563
875,3,7.306127526496279
876,33,52.88688653174917
877,8,13.669788603103793
878,8,12.550733800661572
879,2,10.335172111875774
880,29,17.988340364764802
881,39,76.52286037300611
882,104,48.40250401793718
883,10,17.880326398024792
884,18,16.728121013463532
885,37,30.115975446340784
886,17,17.522333168405375
887,1,14.5092101469537
888,23,25.45109735767126
889,32,41.595237444130106
890,89,34.862227500100445
891,16,11.190799858022043
892,61,48.575077871942575
893,35,40.74424653984601
894,1,12.629522972037375
895,23,16.353837956652544
896,14,21.83866871422799
897,5,7.306127526496279
898,0,7.306127526496279
899,6,11.630325225870205
900,0,7.306127526496279
901,54,41.72388672534388
902,35,32.40845850703656
903,68,37.78707506950825
904,19,35.40297886512456
905,7,11.832751806440744
906,5,7.306127526496279
907,17,20.576994357167276
908,5,20.352149318570454
909,5,12.910398528463038
910,1,7.306127526496279
911,38,40.68222001801001
912,107,39.092707786350545
913,11,13.557815956243022
914,6,17.170007473507592
915,29,24.205366459539203
916,27,31.385577905127633
917,4,18.414255713876543
918,48,54.272207903920396
919,9,16.545488693208814
920,8,13.513522450675708
921,52,50.793147235394976
922,37,28.075726092404146
923,21,33.169044568367816
924,5,15.93247540357492
925,0,7.306127526496279
926,11,20.897680628329773
927,12,16.979464914876658
928,10,16.699727934197043
929,9,21.386884894943158
930,45,38.86903153170871
931,26,23.701847875771577
932,5,11.446273781689612
933,11,7.306127526496279
934,65,36.24375614726946
935,34,31.50945032032665
936,56,70.17952862714834
937,15,18.660244676243714
938,52,32.17511169579174
939,67,44.70961738166235
940,16,7.306127526496279
941,34,30.257467473182828
942,26,23.748094112273993
943,18,25.905952998965873
944,7,10.062667151939591
945,65,42.28627889083611
946,26,22.827698477308232
947,21,28.44326571767727
948,1,15.679162466251896
949,0,7.306127526496279
950,0,7.306127526496279
951,0,12.676453409355034
952,62,42.62629712194779
953,1,7.306127526496279
954,30,48.86113011220485
955,10,16.96126662252767
956,32,23.86781999873252
957,0,13.55564367593717
958,6,7.8974567015235575
959,82,57.17050161659004
960,39,54.66556354455665
961,3,17.34183582226678
962,5,22.601278400278453
963,17,17.46222007864376
964,2,15.508924040045539
965,0,10.97140960475841
966,1,15.354038701306987
967,0,10.837067965787565
968,2,12.059871510785483
969,31,19.530650930957144
970,1,7.306127526496279
971,0,11.22643429844787
972,21,8.5591338504498
973,25,40.26703119304989
974,8,11.693314342930496
975,13,35.746625290527575
976,36,37.590407914063924
977,3,14.682833464195571
978,48,29.469296982372672
979,43,38.02439624187302
980,7,19.26856701574444
981,3,16.623372193659325
982,0,10.000805046910502
983,12,15.705995164661921
984,3,7.306127526496279
985,0,7.306127526496279
986,37,18.478766035654335
987,2,15.503794401309229
988,24,34.8389818062634
989,8,8.805321584253143
990,11,7.306127526496279
991,23,18.32036157639872
992,26,26.8336976853922
993,5,19.656095697061932
994,21,22.211931424547167
995,0,10.371949081117076
996,0,10.058026541330682
997,3,10.268788785832601
998,1,9.646461312901666
999,11,7.306127526496279
1000,35,25.79499453987927
1001,1,11.382069827714217
1002,57,81.2508651373945
1003,9,15.320888865622468
1004,26,26.316946899434317
1005,0,7.306127526496279
1006,57,25.814327118718158
1007,41,30.697796207437076
1008,56,30.045538402165352
1009,29,36.32766555859976
1010,22,7.306127526496279
1011,7,7.306127526496279
1012,10,22.0798080663537
1013,1,12.520467304340222
1014,58,65.48367206044156
1015,10,14.872063443814183
1016,39,35.54814208031138
1017,5,15.167131928377904
1018,65,36.48754872260793
1019,24,25.588019725168824
1020,50,35.56456196504106
1021,6,14.566516141612576
1022,4,11.408517559872266
1023,33,44.60058328831744
1024,51,38.711153667122005
1025,34,26.939389022763546
1026,3,18.751018242497583
1027,41,30.36200146170647
1028,27,25.361734204683167
1029,2,7.306127526496279
1030,11,10.582773990265288
1031,28,27.812299135431054
1032,31,35.36632996450203
1033,0,10.835405809501605
1034,18,8.971503042205999
1035,73,54.58983387847699
1036,57,31.546481024055385
1037,0,7.306127526496279
1038,13,15.766626872859533
1039,18,21.945786460468703
1040,46,40.504608233721335
1041,9,17.761927607001525
1042,3,10.901305611071297
1043,13,24.750192510755838
1044,12,20.467674169936718
1045,0,7.306127526496279
1046,31,25.46248620076303
1047,0,7.306127526496279
1048,50,32.51145094506415
1049,3,15.094689119575905
1050,31,24.07466572208625
1051,29,15.793565597654595
1052,5,11.71610241735744
1053,15,17.680446006672202
1054,22,19.687605940375427
1055,58,39.70061896413036
1056,31,27.134895211536303
1057,27,34.21138430243174
1058,47,24.230509916117047
1059,26,17.69472499819168
1060,18,37.715480381945675
1061,52,22.83529718234643
1062,42,30.80280376645129
1063,29,20.818591005314797
1064,0,12.500457942081876
1065,11,16.191373031866164
1066,36,35.05283228231014
1067,0,7.306127526496279
1068,17,27.42231236795
1069,7,15.674724039506295
1070,10,21.09119532745369
1071,3,11.975759172645255
1072,29,24.02643824930115
1073,18,21.435854196153347
1074,22,22.38676596117352
1075,8,19.336408048379425
1076,61,60.92485070700808
1077,0,9.496383539475325
1078,14,17.26749523316916
1079,16,9.647529553084777
1080,5,7.306127526496279
1081,11,16.827246305033068
1082,0,7.602854843410619
1083,21,29.360927766571553
1084,3,7.306127526496279
1085,28,22.99498825282235
1086,54,74.59011305561718
1087,0,12.65735930844264
1088,45,38.56387473856491
1089,4,9.58543279920766
1090,6,7.306127526496279
1091,3,25.329457675160054
1092,1,16.92274675254844
1093,23,16.324759897419373
1094,2,7.306127526496279
1095,51,27.348605241113823
1096,19,27.773684526462702
1097,0,15.812477398713671
1098,28,26.843353754924113
1099,42,35.17719834971775
1100,19,18.460363610389575
1101,27,29.812072966669756
1102,6,12.228352296572911
1103,21,19.167256030979367
1104,15,7.306127526496279
1105,43,34.85164002713547
1106,34,26.124427815358086
1107,13,19.09716660560006
1108,1,7.306127526496279
1109,0,9.15522781478083
1110,46,27.18227258436669
1111,34,29.484533384255894
1112,38,43.37780678245265
1113,16,21.5988967193987
1114,13,7.306127526496279
1115,8,8.892092020906718
1116,18,25.57548606612387
1117,78,39.51755147958419
1118,13,19.893714969417218
1119,18,14.354279867526952
1120,0,11.935204975784929
1121,2,12.994208838703655
1122,68,56.777653074274795
1123,41,34.314068673443444
1124,9,13.99334676999672
1125,13,22.954170063106947
1126,23,12.336287117352263
1127,3,7.306127526496279
1128,2,9.938180245524897
1129,35,36.12370773442257
1130,25,36.41381397113105
1131,8,7.306127526496279
1132,39,76.93966350920392
1133,12,9.512936968213317
1134,3,19.517990368000568
1135,84,38.079556354873425
1136,1,7.306127526496279
1137,51,25.54594329270476
1138,5,18.20387566957586
1139,15,22.090234838311368
1140,35,51.09233197952873
1141,13,11.148406735810315
1142,56,30.46634777289096
1143,27,22.479317953926575
1144,1,7.306127526496279
1145,52,43.18081849927384
1146,2,16.147122892342004
1147,0,7.306127526496279
1148,84,22.863586360582893
1149,9,7.306127526496279
1150,3,8.384045687707964
1151,28,14.80984977214277
1152,20,25.500067751976328
1153,0,13.736551186682576
1154,34,32.12923739125258
1155,1,12.147802807397579
1156,19,29.55014977682021
1157,56,52.70951533337621
1158,7,16.064317646016917
1159,40,73.85211960920256
1160,1,7.306127526496279
1161,1,13.286993376917891
1162,42,50.72561839121894
1163,4,14.030347096799845
1164,1,10.802392481553854
1165,60,31.525385956925465
1166,17,17.42624334764943
1167,0,7.306127526496279
1168,36,27.72425781297088
1169,34,43.82774946857733
1170,5,13.160810110891138
1171,14,13.681862438074326
1172,8,18.52821083597574
1173,91,37.84233346719818
1174,31,94.33556308234107
1175,24,21.595576001174976
1176,9,14.84111949766578
1177,26,30.858436784721892
1178,2,7.306127526496279
1179,9,25.260880761645637
1180,24,17.78111498369778
1181,1,14.086199071709077
1182,4,7.306127526496279
1183,20,21.66487370125741
1184,10,13.030921656686274
1185,90,100.95917786566315
1186,76,72.09397050378828
1187,55,30.192165453408887
1188,3,13.669116836434645
1189,1,11.616984740883506
1190,7,17.67122040137804
1191,20,25.854968337211897
1192,35,34.72641600923739
1193,39,37.93400844760763
1194,48,29.87828122676259
1195,10,16.450761969924105
1196,2,7.306127526496279
1197,3,9.45392130016424
1198,32,25.345113756016392
1199,4,9.205549570383093
1200,12,23.88157625486067
1201,58,31.28379745307494
1202,4,16.025206598160675
1203,5,15.185484649777532
1204,2,13.572127067943512
1205,37,26.394804020605296
1206,11,17.5200397908724
1207,46,26.346947220112188
1208,20,27.969541076469678
1209,6,7.306127526496279
1210,30,25.650970402149024
1211,43,55.13250014147607
1212,27,18.382648635893965
1213,4,17.535425198283207
1214,42,31.689616530086887
1215,8,7.306127526496279
1216,0,7.306127526496279
1217,12,11.372385545770838
1218,9,15.156970338694636
1219,12,19.434531885386978
1220,67,27.14224174487167
1221,11,18.511287409918715
1222,21,18.40707964859802
1223,66,48.01250701587793
1224,6,7.569630975058804
1225,15,10.87858950259021
1226,67,50.24188448779178
1227,2,9.710517908450813
1228,12,13.924885974744729
1229,10,7.306127526496279
1230,8,19.333255811793826
1231,18,22.569520167819537
1232,4,18.269829057522205
1233,12,13.395992665082497
1234,1,10.760533721692681
1235,18,25.359007946404574
1236,5,7.306127526496279
1237,18,16.872541477170255
1238,1,10.910402318541413
1239,0,9.765588688175814
1240,25,31.055631468199678
1241,56,31.828368932790234
1242,4,10.386592153237936
1243,18,13.421184515643322
1244,19,21.47230677444666
1245,11,12.655992602432981
1246,20,19.65656251350112
1247,2,19.467862036655415
1248,4,13.018494979766242
1249,0,8.906991780734948
1250,32,28.989913217670974
1251,19,30.639841930326593
1252,15,20.747183405178312
1253,25,42.38101821875755
1254,54,79.28448765605467
1255,5,15.205504462098627
1256,25,49.3341495075873
1257,33,20.387113360888268
1258,55,29.41949731258498
1259,15,21.374880388759152
1260,23,24.657285534001858
1261,8,7.306127526496279
1262,2,12.153380167537122
1263,45,28.02434568082763
1264,23,25.893824633441813
1265,17,11.51139178984262
1266,8,21.410219039597774
1267,36,26.621154671008778
1268,2,18.648188449167556
1269,7,19.222265046125848
1270,32,35.45912391531302
1271,63,35.32979685570412
1272,10,15.839571712427457
1273,15,26.12541437246648
1274,53,27.8976166984241
1275,0,7.306127526496279
1276,79,67.57519709461502
1277,1,23.843639530748632
1278,8,7.306127526496279
1279,1,15.545839208475254
1280,14,17.138810023093026
1281,46,30.48776433436124
1282,1,13.282704932459309
1283,69,73.32435687312164
1284,4,7.306127526496279
1285,19,22.005805817702914
1286,21,22.730988087452168
1287,0,12.58489071650464
1288,75,32.40462555767759
1289,14,15.341503122447527
1290,13,18.06983741083771
1291,48,27.21313540080557
1292,16,17.147280748869957
1293,7,15.156696382398628
1294,62,65.21599207740886
1295,19,7.306127526496279
1296,13,13.520011800849792
1297,21,32.62018424138372
1298,0,12.475584309499965
1299,13,16.526356599419962
1300,4,15.725972256409207
1301,30,34.48186927722738
1302,11,14.380122574501094
1303,36,32.24345678823156
1304,26,39.28392510478136
1305,10,25.39991020452669
1306,0,10.657801993152773
1307,3,7.306127526496279
1308,53,51.97459529162463
1309,2,10.745297642027907
1310,7,7.306127526496279
1311,11,22.241015671871484
1312,11,21.327858795227215
1313,71,30.69230194729677
1314,66,29.461951093283037
1315,11,15.964437534620497
1316,45,49.75966161309691
1317,5,12.490208130923314
1318,2,7.324615568183011
1319,0,7.306127526496279
1320,40,25.14155787374869
1321,19,7.55963343150414
1322,1,8.58069371178615
1323,28,21.855595067890338
1324,0,7.306127526496279
1325,4,20.552063463074585
1326,7,7.306127526496279
1327,5,20.404077204011916
1328,1,7.306127526496279
1329,10,16.623560758836224
1330,12,12.076644835640604
1331,43,12.476607094769374
1332,9,14.056880161333009
1333,39,31.976198262197297
1334,1,12.84584909521549
1335,14,21.119860879547822
1336,17,21.17553586029389
1337,13,7.306127526496279
1338,1,7.306127526496279
1339,30,52.793765906288236
1340,0,12.522608740534876
1341,18,25.98417036742396
1342,42,15.681737697986676
1343,18,22.721163978161407
1344,43,35.65431486243135
1345,42,53.79988538281453
1346,7,19.23984357675855
1347,3,11.994717231443362
1348,19,25.8165602209822
1349,67,34.19090625467327
1350,11,20.28101544442327
1351,23,20.624341635814382
1352,21,19.92174735906138
